

BUS
BUS,0	0
BUS TICKET,-7.2807604999999995	13
CONDUCTOR,0	0
PAYMENT,-0.2742003333333334	1
TICKET,-1.3232553333333334	2


LOGISTICS
BUS SEATS,0	0
BUS STATIONS,-0.3771253333333333	1
BUS STOPS,-0.9984536666666666	3
METRO STATIONS,0	0
SEATS,0	0
TICKETING MACHIENE,0	0


METRO
METRO,0	0
METRO RAIL,0	0
METRO STATION,0	0
RAIL,-0.38306666666666667	1
TRAIN,0	0


OPERATIONAL
RELIABILITY,0	0
SCHEDULE,0	0
TIMINGS,0	0


OTHERS
OTHERS,-0.5927146666666666	1


OVERALL
EXPERIANCE,0	0
RECOMMEND,-0.309804	2
VALUE,-1.1530529999999999	2


SERVICES
COMPLINTS,0	0
CUSTOMER CARE,-2.4360653333333335	5
METRO TICKET,-0.6904746666666667	1
PAYMENT,0	0
SECURITY,0	0
SMART CARD,-0.9427099999999999	3
