{
  "usage": {
    "text_units": 1,
    "text_characters": 128,
    "features": 2
  },
  "language": "en",
  "keywords": [
    {
      "text": "service",
      "sentiment": {
        "score": 0.0,
        "label": "neutral"
      },
      "relevance": 0.964598,
      "emotion": {
        "sadness": 0.132698,
        "joy": 0.08743,
        "fear": 0.023002,
        "disgust": 0.108829,
        "anger": 0.101286
      }
    },
    {
      "text": "points",
      "sentiment": {
        "score": 0.0,
        "label": "neutral"
      },
      "relevance": 0.93795,
      "emotion": {
        "sadness": 0.65847,
        "joy": 0.105335,
        "fear": 0.223133,
        "disgust": 0.062039,
        "anger": 0.088964
      }
    }
  ],
  "entities": [
    {
      "type": "Quantity",
      "text": "one day",
      "sentiment": {
        "score": 0.0,
        "label": "neutral"
      },
      "relevance": 0.01,
      "count": 1
    }
  ]
}