{
  "usage": {
    "text_units": 1,
    "text_characters": 433,
    "features": 2
  },
  "language": "en",
  "keywords": [
    {
      "text": "original fare",
      "sentiment": {
        "score": 0.0,
        "label": "neutral"
      },
      "relevance": 0.935765,
      "emotion": {
        "sadness": 0.356532,
        "joy": 0.135404,
        "fear": 0.035633,
        "disgust": 0.331344,
        "anger": 0.078998
      }
    },
    {
      "text": "later flight",
      "sentiment": {
        "score": 0.0,
        "label": "neutral"
      },
      "relevance": 0.908566,
      "emotion": {
        "sadness": 0.356532,
        "joy": 0.135404,
        "fear": 0.035633,
        "disgust": 0.331344,
        "anger": 0.078998
      }
    },
    {
      "text": "original flight",
      "sentiment": {
        "score": -0.791344,
        "label": "negative"
      },
      "relevance": 0.797506,
      "emotion": {
        "sadness": 0.20344,
        "joy": 0.072046,
        "fear": 0.145323,
        "disgust": 0.264046,
        "anger": 0.154287
      }
    },
    {
      "text": "Bali",
      "sentiment": {
        "score": 0.0,
        "label": "neutral"
      },
      "relevance": 0.543698,
      "emotion": {
        "sadness": 0.2999,
        "joy": 0.062781,
        "fear": 0.004783,
        "disgust": 0.045436,
        "anger": 0.017002
      }
    },
    {
      "text": "departure",
      "sentiment": {
        "score": 0.0,
        "label": "neutral"
      },
      "relevance": 0.532344,
      "emotion": {
        "sadness": 0.058256,
        "joy": 0.099769,
        "fear": 0.020723,
        "disgust": 0.118165,
        "anger": 0.061189
      }
    },
    {
      "text": "flights",
      "sentiment": {
        "score": 0.0,
        "label": "neutral"
      },
      "relevance": 0.510636,
      "emotion": {
        "sadness": 0.133934,
        "joy": 0.321874,
        "fear": 0.052463,
        "disgust": 0.02904,
        "anger": 0.065962
      }
    },
    {
      "text": "baggage",
      "sentiment": {
        "score": -0.791344,
        "label": "negative"
      },
      "relevance": 0.510065,
      "emotion": {
        "sadness": 0.20344,
        "joy": 0.072046,
        "fear": 0.145323,
        "disgust": 0.264046,
        "anger": 0.154287
      }
    },
    {
      "text": "plane",
      "sentiment": {
        "score": 0.0,
        "label": "neutral"
      },
      "relevance": 0.50867,
      "emotion": {
        "sadness": 0.134973,
        "joy": 0.055451,
        "fear": 0.229757,
        "disgust": 0.523553,
        "anger": 0.38193
      }
    },
    {
      "text": "Singapore",
      "sentiment": {
        "score": 0.0,
        "label": "neutral"
      },
      "relevance": 0.48963,
      "emotion": {
        "sadness": 0.2999,
        "joy": 0.062781,
        "fear": 0.004783,
        "disgust": 0.045436,
        "anger": 0.017002
      }
    },
    {
      "text": "Airasia",
      "sentiment": {
        "score": 0.0,
        "label": "neutral"
      },
      "relevance": 0.475225,
      "emotion": {
        "sadness": 0.133934,
        "joy": 0.321874,
        "fear": 0.052463,
        "disgust": 0.02904,
        "anger": 0.065962
      }
    },
    {
      "text": "experience",
      "sentiment": {
        "score": -0.466183,
        "label": "negative"
      },
      "relevance": 0.46689,
      "emotion": {
        "sadness": 0.408437,
        "joy": 0.098363,
        "fear": 0.154207,
        "disgust": 0.015246,
        "anger": 0.152182
      }
    }
  ],
  "entities": [
    {
      "type": "Location",
      "text": "Singapore",
      "sentiment": {
        "score": 0.0,
        "label": "neutral"
      },
      "relevance": 0.888213,
      "emotion": {
        "sadness": 0.2999,
        "joy": 0.062781,
        "fear": 0.004783,
        "disgust": 0.045436,
        "anger": 0.017002
      },
      "disambiguation": {
        "subtype": [
          "City"
        ],
        "name": "Singapore",
        "dbpedia_resource": "http://dbpedia.org/resource/Singapore"
      },
      "count": 1
    },
    {
      "type": "Location",
      "text": "Bali",
      "sentiment": {
        "score": 0.0,
        "label": "neutral"
      },
      "relevance": 0.865178,
      "emotion": {
        "sadness": 0.2999,
        "joy": 0.062781,
        "fear": 0.004783,
        "disgust": 0.045436,
        "anger": 0.017002
      },
      "disambiguation": {
        "subtype": [
          "City"
        ]
      },
      "count": 1
    },
    {
      "type": "Company",
      "text": "Airasia",
      "sentiment": {
        "score": 0.0,
        "label": "neutral"
      },
      "relevance": 0.72056,
      "emotion": {
        "sadness": 0.133934,
        "joy": 0.321874,
        "fear": 0.052463,
        "disgust": 0.02904,
        "anger": 0.065962
      },
      "count": 1
    },
    {
      "type": "Quantity",
      "text": "20 minutes",
      "sentiment": {
        "score": 0.0,
        "label": "neutral"
      },
      "relevance": 0.72056,
      "count": 1
    }
  ]
}