{
  "usage": {
    "text_units": 1,
    "text_characters": 407,
    "features": 2
  },
  "language": "en",
  "keywords": [
    {
      "text": "Delhi Tourism",
      "sentiment": {
        "score": 0.0,
        "label": "neutral"
      },
      "relevance": 0.970125,
      "emotion": {
        "sadness": 0.08411,
        "joy": 0.574509,
        "fear": 0.048262,
        "disgust": 0.033934,
        "anger": 0.056974
      }
    },
    {
      "text": "Good initiative",
      "sentiment": {
        "score": 0.0,
        "label": "neutral"
      },
      "relevance": 0.819912,
      "emotion": {
        "sadness": 0.08411,
        "joy": 0.574509,
        "fear": 0.048262,
        "disgust": 0.033934,
        "anger": 0.056974
      }
    },
    {
      "text": "Bus frequency",
      "sentiment": {
        "score": -0.755907,
        "label": "negative"
      },
      "relevance": 0.807854,
      "emotion": {
        "sadness": 0.636752,
        "joy": 0.039072,
        "fear": 0.296784,
        "disgust": 0.087068,
        "anger": 0.178342
      }
    },
    {
      "text": "bus timing",
      "sentiment": {
        "score": -0.846922,
        "label": "negative"
      },
      "relevance": 0.777931,
      "emotion": {
        "sadness": 0.758953,
        "joy": 0.028412,
        "fear": 0.105598,
        "disgust": 0.045999,
        "anger": 0.067169
      }
    },
    {
      "text": "50-6- Rs.",
      "sentiment": {
        "score": -0.405533,
        "label": "negative"
      },
      "relevance": 0.690833,
      "emotion": {
        "sadness": 0.322171,
        "joy": 0.129055,
        "fear": 0.232287,
        "disgust": 0.058219,
        "anger": 0.163494
      }
    },
    {
      "text": "places",
      "sentiment": {
        "score": -0.405533,
        "label": "negative"
      },
      "relevance": 0.57422,
      "emotion": {
        "sadness": 0.231364,
        "joy": 0.509438,
        "fear": 0.100271,
        "disgust": 0.03446,
        "anger": 0.054501
      }
    },
    {
      "text": "APP",
      "sentiment": {
        "score": -0.846922,
        "label": "negative"
      },
      "relevance": 0.368097,
      "emotion": {
        "sadness": 0.758953,
        "joy": 0.028412,
        "fear": 0.105598,
        "disgust": 0.045999,
        "anger": 0.067169
      }
    },
    {
      "text": "buses",
      "sentiment": {
        "score": 0.0,
        "label": "neutral"
      },
      "relevance": 0.364616,
      "emotion": {
        "sadness": 0.269894,
        "joy": 0.387382,
        "fear": 0.08299,
        "disgust": 0.048988,
        "anger": 0.030367
      }
    },
    {
      "text": "autos",
      "sentiment": {
        "score": -0.405533,
        "label": "negative"
      },
      "relevance": 0.359677,
      "emotion": {
        "sadness": 0.322171,
        "joy": 0.129055,
        "fear": 0.232287,
        "disgust": 0.058219,
        "anger": 0.163494
      }
    },
    {
      "text": "group",
      "sentiment": {
        "score": -0.405533,
        "label": "negative"
      },
      "relevance": 0.30739,
      "emotion": {
        "sadness": 0.322171,
        "joy": 0.129055,
        "fear": 0.232287,
        "disgust": 0.058219,
        "anger": 0.163494
      }
    }
  ],
  "entities": [
    {
      "type": "Company",
      "text": "Delhi Tourism",
      "sentiment": {
        "score": 0.0,
        "label": "neutral"
      },
      "relevance": 0.856405,
      "emotion": {
        "sadness": 0.08411,
        "joy": 0.574509,
        "fear": 0.048262,
        "disgust": 0.033934,
        "anger": 0.056974
      },
      "count": 1
    },
    {
      "type": "Location",
      "text": "Delhi",
      "sentiment": {
        "score": -0.405533,
        "label": "negative"
      },
      "relevance": 0.847852,
      "emotion": {
        "sadness": 0.176962,
        "joy": 0.441979,
        "fear": 0.121595,
        "disgust": 0.039233,
        "anger": 0.106443
      },
      "disambiguation": {
        "subtype": [
          "City"
        ]
      },
      "count": 2
    },
    {
      "type": "Location",
      "text": "Rs.",
      "sentiment": {
        "score": -0.405533,
        "label": "negative"
      },
      "relevance": 0.173279,
      "emotion": {
        "sadness": 0.322171,
        "joy": 0.129055,
        "fear": 0.232287,
        "disgust": 0.058219,
        "anger": 0.163494
      },
      "disambiguation": {
        "subtype": [
          "Country"
        ]
      },
      "count": 1
    },
    {
      "type": "Quantity",
      "text": "40 minutes",
      "sentiment": {
        "score": 0.0,
        "label": "neutral"
      },
      "relevance": 0.173279,
      "count": 2
    }
  ]
}