{
  "usage": {
    "text_units": 1,
    "text_characters": 825,
    "features": 2
  },
  "language": "en",
  "keywords": [
    {
      "text": "boarding pass",
      "sentiment": {
        "score": 0.0,
        "label": "neutral"
      },
      "relevance": 0.910942,
      "emotion": {
        "sadness": 0.683932,
        "joy": 0.09321,
        "fear": 0.089459,
        "disgust": 0.117678,
        "anger": 0.142344
      }
    },
    {
      "text": "paper boarding pass",
      "sentiment": {
        "score": 0.0,
        "label": "neutral"
      },
      "relevance": 0.740686,
      "emotion": {
        "sadness": 0.652267,
        "joy": 0.032382,
        "fear": 0.120306,
        "disgust": 0.149498,
        "anger": 0.145467
      }
    },
    {
      "text": "Kuala Lumpur",
      "sentiment": {
        "score": 0.0,
        "label": "neutral"
      },
      "relevance": 0.54331,
      "emotion": {
        "sadness": 0.201227,
        "joy": 0.295618,
        "fear": 0.192164,
        "disgust": 0.159687,
        "anger": 0.039883
      }
    },
    {
      "text": "flight experience",
      "sentiment": {
        "score": -0.865377,
        "label": "negative"
      },
      "relevance": 0.463362,
      "emotion": {
        "sadness": 0.504308,
        "joy": 0.012169,
        "fear": 0.162352,
        "disgust": 0.16703,
        "anger": 0.282407
      }
    },
    {
      "text": "connecting flight",
      "sentiment": {
        "score": -0.876113,
        "label": "negative"
      },
      "relevance": 0.446874,
      "emotion": {
        "sadness": 0.764231,
        "joy": 0.00578,
        "fear": 0.342536,
        "disgust": 0.028068,
        "anger": 0.096565
      }
    },
    {
      "text": "phone",
      "sentiment": {
        "score": 0.0,
        "label": "neutral"
      },
      "relevance": 0.372722,
      "emotion": {
        "sadness": 0.434033,
        "joy": 0.076135,
        "fear": 0.04883,
        "disgust": 0.160298,
        "anger": 0.205451
      }
    },
    {
      "text": "Vientiane",
      "sentiment": {
        "score": 0.0,
        "label": "neutral"
      },
      "relevance": 0.302708,
      "emotion": {
        "sadness": 0.201227,
        "joy": 0.295618,
        "fear": 0.192164,
        "disgust": 0.159687,
        "anger": 0.039883
      }
    },
    {
      "text": "stopover",
      "sentiment": {
        "score": 0.0,
        "label": "neutral"
      },
      "relevance": 0.284217,
      "emotion": {
        "sadness": 0.0,
        "joy": 0.0,
        "fear": 0.0,
        "disgust": 0.0,
        "anger": 0.0
      }
    },
    {
      "text": "Bangkok",
      "sentiment": {
        "score": 0.0,
        "label": "neutral"
      },
      "relevance": 0.280509,
      "emotion": {
        "sadness": 0.201227,
        "joy": 0.295618,
        "fear": 0.192164,
        "disgust": 0.159687,
        "anger": 0.039883
      }
    },
    {
      "text": "leg",
      "sentiment": {
        "score": -0.596446,
        "label": "negative"
      },
      "relevance": 0.276377,
      "emotion": {
        "sadness": 0.171571,
        "joy": 0.429315,
        "fear": 0.018567,
        "disgust": 0.021659,
        "anger": 0.065172
      }
    },
    {
      "text": "reason",
      "sentiment": {
        "score": -0.596446,
        "label": "negative"
      },
      "relevance": 0.272273,
      "emotion": {
        "sadness": 0.171571,
        "joy": 0.429315,
        "fear": 0.018567,
        "disgust": 0.021659,
        "anger": 0.065172
      }
    },
    {
      "text": "operator",
      "sentiment": {
        "score": -0.596446,
        "label": "negative"
      },
      "relevance": 0.267465,
      "emotion": {
        "sadness": 0.171571,
        "joy": 0.429315,
        "fear": 0.018567,
        "disgust": 0.021659,
        "anger": 0.065172
      }
    },
    {
      "text": "hands",
      "sentiment": {
        "score": -0.463773,
        "label": "negative"
      },
      "relevance": 0.263127,
      "emotion": {
        "sadness": 0.186683,
        "joy": 0.112645,
        "fear": 0.240856,
        "disgust": 0.236718,
        "anger": 0.158752
      }
    },
    {
      "text": "check",
      "sentiment": {
        "score": -0.596446,
        "label": "negative"
      },
      "relevance": 0.261534,
      "emotion": {
        "sadness": 0.171571,
        "joy": 0.429315,
        "fear": 0.018567,
        "disgust": 0.021659,
        "anger": 0.065172
      }
    },
    {
      "text": "flights",
      "sentiment": {
        "score": -0.398641,
        "label": "negative"
      },
      "relevance": 0.258977,
      "emotion": {
        "sadness": 0.411879,
        "joy": 0.027759,
        "fear": 0.06707,
        "disgust": 0.02311,
        "anger": 0.126614
      }
    },
    {
      "text": "world",
      "sentiment": {
        "score": 0.0,
        "label": "neutral"
      },
      "relevance": 0.257013,
      "emotion": {
        "sadness": 0.451224,
        "joy": 0.126644,
        "fear": 0.038466,
        "disgust": 0.18928,
        "anger": 0.31577
      }
    },
    {
      "text": "line",
      "sentiment": {
        "score": -0.370571,
        "label": "negative"
      },
      "relevance": 0.256341,
      "emotion": {
        "sadness": 0.251165,
        "joy": 0.02907,
        "fear": 0.106391,
        "disgust": 0.173652,
        "anger": 0.223105
      }
    }
  ],
  "entities": [
    {
      "type": "Location",
      "text": "Vientiane",
      "sentiment": {
        "score": 0.0,
        "label": "neutral"
      },
      "relevance": 0.869781,
      "emotion": {
        "sadness": 0.201227,
        "joy": 0.295618,
        "fear": 0.192164,
        "disgust": 0.159687,
        "anger": 0.039883
      },
      "disambiguation": {
        "subtype": [
          "City"
        ],
        "name": "Vientiane",
        "dbpedia_resource": "http://dbpedia.org/resource/Vientiane"
      },
      "count": 1
    },
    {
      "type": "Location",
      "text": "Kuala Lumpur",
      "sentiment": {
        "score": 0.0,
        "label": "neutral"
      },
      "relevance": 0.861438,
      "emotion": {
        "sadness": 0.201227,
        "joy": 0.295618,
        "fear": 0.192164,
        "disgust": 0.159687,
        "anger": 0.039883
      },
      "disambiguation": {
        "subtype": [
          "City"
        ]
      },
      "count": 1
    },
    {
      "type": "Location",
      "text": "Bangkok",
      "sentiment": {
        "score": 0.0,
        "label": "neutral"
      },
      "relevance": 0.709596,
      "emotion": {
        "sadness": 0.201227,
        "joy": 0.295618,
        "fear": 0.192164,
        "disgust": 0.159687,
        "anger": 0.039883
      },
      "disambiguation": {
        "subtype": [
          "AdministrativeDivision",
          "City"
        ],
        "name": "Bangkok",
        "dbpedia_resource": "http://dbpedia.org/resource/Bangkok"
      },
      "count": 1
    }
  ]
}