{
  "usage": {
    "text_units": 1,
    "text_characters": 316,
    "features": 2
  },
  "language": "en",
  "keywords": [
    {
      "text": "Duty free items",
      "sentiment": {
        "score": -0.628527,
        "label": "negative"
      },
      "relevance": 0.921101,
      "emotion": {
        "sadness": 0.220188,
        "joy": 0.105814,
        "fear": 0.106959,
        "disgust": 0.188335,
        "anger": 0.203713
      }
    },
    {
      "text": "Kuala Lumpur",
      "sentiment": {
        "score": 0.0,
        "label": "neutral"
      },
      "relevance": 0.799668,
      "emotion": {
        "sadness": 0.141719,
        "joy": 0.191139,
        "fear": 0.08519,
        "disgust": 0.078108,
        "anger": 0.091797
      }
    },
    {
      "text": "baggage allowance",
      "sentiment": {
        "score": 0.748659,
        "label": "positive"
      },
      "relevance": 0.78563,
      "emotion": {
        "sadness": 0.153996,
        "joy": 0.355683,
        "fear": 0.034837,
        "disgust": 0.219839,
        "anger": 0.063263
      }
    },
    {
      "text": "good price",
      "sentiment": {
        "score": -0.316031,
        "label": "negative"
      },
      "relevance": 0.591366,
      "emotion": {
        "sadness": 0.34268,
        "joy": 0.453648,
        "fear": 0.034891,
        "disgust": 0.136664,
        "anger": 0.058448
      }
    },
    {
      "text": "Colombo",
      "sentiment": {
        "score": 0.0,
        "label": "neutral"
      },
      "relevance": 0.305548,
      "emotion": {
        "sadness": 0.141719,
        "joy": 0.191139,
        "fear": 0.08519,
        "disgust": 0.078108,
        "anger": 0.091797
      }
    },
    {
      "text": "meals",
      "sentiment": {
        "score": 0.748659,
        "label": "positive"
      },
      "relevance": 0.241063,
      "emotion": {
        "sadness": 0.153996,
        "joy": 0.355683,
        "fear": 0.034837,
        "disgust": 0.219839,
        "anger": 0.063263
      }
    },
    {
      "text": "bit",
      "sentiment": {
        "score": -0.628527,
        "label": "negative"
      },
      "relevance": 0.232066,
      "emotion": {
        "sadness": 0.220188,
        "joy": 0.105814,
        "fear": 0.106959,
        "disgust": 0.188335,
        "anger": 0.203713
      }
    }
  ],
  "entities": [
    {
      "type": "Location",
      "text": "Kuala Lumpur",
      "sentiment": {
        "score": 0.0,
        "label": "neutral"
      },
      "relevance": 0.965586,
      "emotion": {
        "sadness": 0.141719,
        "joy": 0.191139,
        "fear": 0.08519,
        "disgust": 0.078108,
        "anger": 0.091797
      },
      "disambiguation": {
        "subtype": [
          "City"
        ]
      },
      "count": 1
    },
    {
      "type": "Location",
      "text": "Colombo",
      "sentiment": {
        "score": 0.0,
        "label": "neutral"
      },
      "relevance": 0.738363,
      "emotion": {
        "sadness": 0.141719,
        "joy": 0.191139,
        "fear": 0.08519,
        "disgust": 0.078108,
        "anger": 0.091797
      },
      "disambiguation": {
        "subtype": [
          "City"
        ]
      },
      "count": 1
    },
    {
      "type": "Quantity",
      "text": "6 months",
      "sentiment": {
        "score": 0.0,
        "label": "neutral"
      },
      "relevance": 0.738363,
      "count": 1
    }
  ]
}