{
  "usage": {
    "text_units": 1,
    "text_characters": 560,
    "features": 2
  },
  "language": "en",
  "keywords": [
    {
      "text": "Ho Ho service",
      "sentiment": {
        "score": -0.556616,
        "label": "negative"
      },
      "relevance": 0.978559,
      "emotion": {
        "sadness": 0.642247,
        "joy": 0.048451,
        "fear": 0.044351,
        "disgust": 0.08607,
        "anger": 0.220808
      }
    },
    {
      "text": "Delhi Ho Ho",
      "sentiment": {
        "score": -0.803853,
        "label": "negative"
      },
      "relevance": 0.861394,
      "emotion": {
        "sadness": 0.72093,
        "joy": 0.021226,
        "fear": 0.059596,
        "disgust": 0.095677,
        "anger": 0.240075
      }
    },
    {
      "text": "Chandni Chowk market",
      "sentiment": {
        "score": 0.0,
        "label": "neutral"
      },
      "relevance": 0.490135,
      "emotion": {
        "sadness": 0.117701,
        "joy": 0.17773,
        "fear": 0.090683,
        "disgust": 0.061961,
        "anger": 0.228627
      }
    },
    {
      "text": "Lajpat Nagar Market",
      "sentiment": {
        "score": 0.0,
        "label": "neutral"
      },
      "relevance": 0.445153,
      "emotion": {
        "sadness": 0.115543,
        "joy": 0.184725,
        "fear": 0.088493,
        "disgust": 0.062611,
        "anger": 0.228946
      }
    },
    {
      "text": "Tuglaka Bad Fort",
      "sentiment": {
        "score": -0.501419,
        "label": "negative"
      },
      "relevance": 0.440125,
      "emotion": {
        "sadness": 0.425857,
        "joy": 0.058415,
        "fear": 0.113405,
        "disgust": 0.071325,
        "anger": 0.104841
      }
    },
    {
      "text": "Delhi Zoo",
      "sentiment": {
        "score": 0.0,
        "label": "neutral"
      },
      "relevance": 0.364252,
      "emotion": {
        "sadness": 0.270434,
        "joy": 0.234244,
        "fear": 0.039859,
        "disgust": 0.076197,
        "anger": 0.105478
      }
    },
    {
      "text": "Humayun Tombs",
      "sentiment": {
        "score": 0.0,
        "label": "neutral"
      },
      "relevance": 0.359739,
      "emotion": {
        "sadness": 0.144548,
        "joy": 0.185315,
        "fear": 0.087573,
        "disgust": 0.077654,
        "anger": 0.090723
      }
    },
    {
      "text": "Birla Mandir",
      "sentiment": {
        "score": 0.0,
        "label": "neutral"
      },
      "relevance": 0.328403,
      "emotion": {
        "sadness": 0.144548,
        "joy": 0.185315,
        "fear": 0.087573,
        "disgust": 0.077654,
        "anger": 0.090723
      }
    },
    {
      "text": "Akshar Dhaam",
      "sentiment": {
        "score": 0.0,
        "label": "neutral"
      },
      "relevance": 0.325371,
      "emotion": {
        "sadness": 0.144548,
        "joy": 0.185315,
        "fear": 0.087573,
        "disgust": 0.077654,
        "anger": 0.090723
      }
    },
    {
      "text": "purana quila",
      "sentiment": {
        "score": 0.0,
        "label": "neutral"
      },
      "relevance": 0.324357,
      "emotion": {
        "sadness": 0.151545,
        "joy": 0.174219,
        "fear": 0.093654,
        "disgust": 0.072945,
        "anger": 0.08686
      }
    },
    {
      "text": "Kutub Minar",
      "sentiment": {
        "score": 0.0,
        "label": "neutral"
      },
      "relevance": 0.322065,
      "emotion": {
        "sadness": 0.144548,
        "joy": 0.185315,
        "fear": 0.087573,
        "disgust": 0.077654,
        "anger": 0.090723
      }
    },
    {
      "text": "morning schedule",
      "sentiment": {
        "score": 0.0,
        "label": "neutral"
      },
      "relevance": 0.307901,
      "emotion": {
        "sadness": 0.144548,
        "joy": 0.185315,
        "fear": 0.087573,
        "disgust": 0.077654,
        "anger": 0.090723
      }
    },
    {
      "text": "Ina Market",
      "sentiment": {
        "score": 0.317876,
        "label": "positive"
      },
      "relevance": 0.290466,
      "emotion": {
        "sadness": 0.130888,
        "joy": 0.183064,
        "fear": 0.089213,
        "disgust": 0.063694,
        "anger": 0.171094
      }
    },
    {
      "text": "Lotus Temple",
      "sentiment": {
        "score": 0.362893,
        "label": "positive"
      },
      "relevance": 0.288537,
      "emotion": {
        "sadness": 0.144548,
        "joy": 0.188185,
        "fear": 0.087573,
        "disgust": 0.077654,
        "anger": 0.090723
      }
    },
    {
      "text": "Interesting thing",
      "sentiment": {
        "score": 0.0,
        "label": "neutral"
      },
      "relevance": 0.283008,
      "emotion": {
        "sadness": 0.077466,
        "joy": 0.676865,
        "fear": 0.05006,
        "disgust": 0.013296,
        "anger": 0.082593
      }
    },
    {
      "text": "visit schedule",
      "sentiment": {
        "score": 0.0,
        "label": "neutral"
      },
      "relevance": 0.269001,
      "emotion": {
        "sadness": 0.077466,
        "joy": 0.676865,
        "fear": 0.05006,
        "disgust": 0.013296,
        "anger": 0.082593
      }
    },
    {
      "text": "place list",
      "sentiment": {
        "score": 0.0,
        "label": "neutral"
      },
      "relevance": 0.265504,
      "emotion": {
        "sadness": 0.425857,
        "joy": 0.058415,
        "fear": 0.113405,
        "disgust": 0.071325,
        "anger": 0.104841
      }
    },
    {
      "text": "Sarojini Market..",
      "sentiment": {
        "score": 0.0,
        "label": "neutral"
      },
      "relevance": 0.264713
    }
  ],
  "entities": [
    {
      "type": "Facility",
      "text": "Delhi Ho Ho",
      "sentiment": {
        "score": -0.803853,
        "label": "negative"
      },
      "relevance": 0.948153,
      "emotion": {
        "sadness": 0.72093,
        "joy": 0.021226,
        "fear": 0.059596,
        "disgust": 0.095677,
        "anger": 0.240075
      },
      "count": 1
    },
    {
      "type": "GeographicFeature",
      "text": "Ho Ho",
      "sentiment": {
        "score": -0.309379,
        "label": "negative"
      },
      "relevance": 0.607664,
      "emotion": {
        "sadness": 0.437363,
        "joy": 0.16032,
        "fear": 0.028699,
        "disgust": 0.044858,
        "anger": 0.12684
      },
      "count": 1
    },
    {
      "type": "Company",
      "text": "Ina Market",
      "sentiment": {
        "score": 0.317876,
        "label": "positive"
      },
      "relevance": 0.560603,
      "emotion": {
        "sadness": 0.070476,
        "joy": 0.692535,
        "fear": 0.046242,
        "disgust": 0.014531,
        "anger": 0.083577
      },
      "count": 3
    },
    {
      "type": "Company",
      "text": "Lajpat Nagar Market",
      "sentiment": {
        "score": 0.0,
        "label": "neutral"
      },
      "relevance": 0.37375,
      "emotion": {
        "sadness": 0.115543,
        "joy": 0.184725,
        "fear": 0.088493,
        "disgust": 0.062611,
        "anger": 0.228946
      },
      "count": 1
    },
    {
      "type": "Facility",
      "text": "Delhi Zoo",
      "sentiment": {
        "score": 0.0,
        "label": "neutral"
      },
      "relevance": 0.342645,
      "emotion": {
        "sadness": 0.270434,
        "joy": 0.234244,
        "fear": 0.039859,
        "disgust": 0.076197,
        "anger": 0.105478
      },
      "count": 1
    },
    {
      "type": "Facility",
      "text": "Humayun Tombs",
      "sentiment": {
        "score": 0.0,
        "label": "neutral"
      },
      "relevance": 0.327582,
      "emotion": {
        "sadness": 0.144548,
        "joy": 0.185315,
        "fear": 0.087573,
        "disgust": 0.077654,
        "anger": 0.090723
      },
      "count": 1
    },
    {
      "type": "Facility",
      "text": "Birla Mandir",
      "sentiment": {
        "score": 0.0,
        "label": "neutral"
      },
      "relevance": 0.270388,
      "emotion": {
        "sadness": 0.144548,
        "joy": 0.185315,
        "fear": 0.087573,
        "disgust": 0.077654,
        "anger": 0.090723
      },
      "disambiguation": {
        "subtype": [
          "Location"
        ],
        "name": "Laxminarayan Temple",
        "dbpedia_resource": "http://dbpedia.org/resource/Laxminarayan_Temple"
      },
      "count": 1
    },
    {
      "type": "Company",
      "text": "Chandni Chowk",
      "sentiment": {
        "score": 0.0,
        "label": "neutral"
      },
      "relevance": 0.268297,
      "emotion": {
        "sadness": 0.117701,
        "joy": 0.17773,
        "fear": 0.090683,
        "disgust": 0.061961,
        "anger": 0.228627
      },
      "count": 1
    },
    {
      "type": "Facility",
      "text": "Tuglaka Bad Fort",
      "sentiment": {
        "score": -0.501419,
        "label": "negative"
      },
      "relevance": 0.264315,
      "emotion": {
        "sadness": 0.425857,
        "joy": 0.058415,
        "fear": 0.113405,
        "disgust": 0.071325,
        "anger": 0.104841
      },
      "count": 1
    },
    {
      "type": "Facility",
      "text": "Lotus Temple",
      "sentiment": {
        "score": 0.362893,
        "label": "positive"
      },
      "relevance": 0.255852,
      "emotion": {
        "sadness": 0.144548,
        "joy": 0.188185,
        "fear": 0.087573,
        "disgust": 0.077654,
        "anger": 0.090723
      },
      "disambiguation": {
        "subtype": [
          "Location"
        ],
        "name": "Lotus Temple",
        "dbpedia_resource": "http://dbpedia.org/resource/Lotus_Temple"
      },
      "count": 1
    },
    {
      "type": "Person",
      "text": "Akshar Dhaam",
      "sentiment": {
        "score": 0.0,
        "label": "neutral"
      },
      "relevance": 0.246584,
      "emotion": {
        "sadness": 0.144548,
        "joy": 0.185315,
        "fear": 0.087573,
        "disgust": 0.077654,
        "anger": 0.090723
      },
      "count": 1
    },
    {
      "type": "Company",
      "text": "Sarojini Market..",
      "sentiment": {
        "score": 0.0,
        "label": "neutral"
      },
      "relevance": 0.158667,
      "emotion": {
        "sadness": 0.0,
        "joy": 0.0,
        "fear": 0.0,
        "disgust": 0.0,
        "anger": 0.0
      },
      "count": 1
    }
  ]
}