{
  "usage": {
    "text_units": 1,
    "text_characters": 276,
    "features": 2
  },
  "language": "en",
  "keywords": [
    {
      "text": "painstaking way",
      "sentiment": {
        "score": -0.331428,
        "label": "negative"
      },
      "relevance": 0.984056,
      "emotion": {
        "sadness": 0.647242,
        "joy": 0.064147,
        "fear": 0.289676,
        "disgust": 0.015802,
        "anger": 0.094485
      }
    },
    {
      "text": "Delhi traffic",
      "sentiment": {
        "score": -0.448264,
        "label": "negative"
      },
      "relevance": 0.937387,
      "emotion": {
        "sadness": 0.261022,
        "joy": 0.100709,
        "fear": 0.08777,
        "disgust": 0.042674,
        "anger": 0.2998
      }
    },
    {
      "text": "interesting experience",
      "sentiment": {
        "score": 0.66205,
        "label": "positive"
      },
      "relevance": 0.933954,
      "emotion": {
        "sadness": 0.145482,
        "joy": 0.699968,
        "fear": 0.026536,
        "disgust": 0.007752,
        "anger": 0.07519
      }
    },
    {
      "text": "short distance",
      "sentiment": {
        "score": -0.331428,
        "label": "negative"
      },
      "relevance": 0.824274,
      "emotion": {
        "sadness": 0.647242,
        "joy": 0.064147,
        "fear": 0.289676,
        "disgust": 0.015802,
        "anger": 0.094485
      }
    },
    {
      "text": "metro",
      "sentiment": {
        "score": 0.330622,
        "label": "positive"
      },
      "relevance": 0.490968,
      "emotion": {
        "sadness": 0.520229,
        "joy": 0.315632,
        "fear": 0.123569,
        "disgust": 0.00662,
        "anger": 0.093863
      }
    },
    {
      "text": "time",
      "sentiment": {
        "score": 0.0761706,
        "label": "positive"
      },
      "relevance": 0.476642,
      "emotion": {
        "sadness": 0.627355,
        "joy": 0.098823,
        "fear": 0.254576,
        "disgust": 0.011143,
        "anger": 0.119375
      }
    },
    {
      "text": "ride",
      "sentiment": {
        "score": 0.66205,
        "label": "positive"
      },
      "relevance": 0.476395,
      "emotion": {
        "sadness": 0.145482,
        "joy": 0.699968,
        "fear": 0.026536,
        "disgust": 0.007752,
        "anger": 0.07519
      }
    },
    {
      "text": "car",
      "sentiment": {
        "score": -0.715091,
        "label": "negative"
      },
      "relevance": 0.404556,
      "emotion": {
        "sadness": 0.344055,
        "joy": 0.064617,
        "fear": 0.317548,
        "disgust": 0.067343,
        "anger": 0.366248
      }
    },
    {
      "text": "location",
      "sentiment": {
        "score": -0.331428,
        "label": "negative"
      },
      "relevance": 0.401303,
      "emotion": {
        "sadness": 0.647242,
        "joy": 0.064147,
        "fear": 0.289676,
        "disgust": 0.015802,
        "anger": 0.094485
      }
    }
  ],
  "entities": [
    {
      "type": "Facility",
      "text": "Delhi Metro",
      "sentiment": {
        "score": 0.66205,
        "label": "positive"
      },
      "relevance": 0.919923,
      "emotion": {
        "sadness": 0.145482,
        "joy": 0.699968,
        "fear": 0.026536,
        "disgust": 0.007752,
        "anger": 0.07519
      },
      "count": 1
    },
    {
      "type": "Location",
      "text": "Delhi",
      "sentiment": {
        "score": -0.448264,
        "label": "negative"
      },
      "relevance": 0.52643,
      "emotion": {
        "sadness": 0.261022,
        "joy": 0.100709,
        "fear": 0.08777,
        "disgust": 0.042674,
        "anger": 0.2998
      },
      "disambiguation": {
        "subtype": [
          "City"
        ]
      },
      "count": 1
    }
  ]
}