{
  "usage": {
    "text_units": 1,
    "text_characters": 533,
    "features": 2
  },
  "language": "en",
  "keywords": [
    {
      "text": "Penang return",
      "sentiment": {
        "score": 0.0,
        "label": "neutral"
      },
      "relevance": 0.980198,
      "emotion": {
        "sadness": 0.256653,
        "joy": 0.174704,
        "fear": 0.019391,
        "disgust": 0.10974,
        "anger": 0.114632
      }
    },
    {
      "text": "Kuala Lumpur",
      "sentiment": {
        "score": 0.0,
        "label": "neutral"
      },
      "relevance": 0.948742,
      "emotion": {
        "sadness": 0.256653,
        "joy": 0.174704,
        "fear": 0.019391,
        "disgust": 0.10974,
        "anger": 0.114632
      }
    },
    {
      "text": "Penang airport",
      "sentiment": {
        "score": -0.302668,
        "label": "negative"
      },
      "relevance": 0.884378,
      "emotion": {
        "sadness": 0.458067,
        "joy": 0.035188,
        "fear": 0.05916,
        "disgust": 0.056492,
        "anger": 0.225071
      }
    },
    {
      "text": "way ticket",
      "sentiment": {
        "score": -0.71323,
        "label": "negative"
      },
      "relevance": 0.786185,
      "emotion": {
        "sadness": 0.348741,
        "joy": 0.00974,
        "fear": 0.126183,
        "disgust": 0.170539,
        "anger": 0.4798
      }
    },
    {
      "text": "Malindo Air",
      "sentiment": {
        "score": -0.71323,
        "label": "negative"
      },
      "relevance": 0.78298,
      "emotion": {
        "sadness": 0.348741,
        "joy": 0.00974,
        "fear": 0.126183,
        "disgust": 0.170539,
        "anger": 0.4798
      }
    },
    {
      "text": "flight time",
      "sentiment": {
        "score": -0.302668,
        "label": "negative"
      },
      "relevance": 0.759871,
      "emotion": {
        "sadness": 0.458067,
        "joy": 0.035188,
        "fear": 0.05916,
        "disgust": 0.056492,
        "anger": 0.225071
      }
    },
    {
      "text": "international flight",
      "sentiment": {
        "score": -0.72954,
        "label": "negative"
      },
      "relevance": 0.74383,
      "emotion": {
        "sadness": 0.220818,
        "joy": 0.065513,
        "fear": 0.077349,
        "disgust": 0.012061,
        "anger": 0.096421
      }
    },
    {
      "text": "tickets",
      "sentiment": {
        "score": -0.52756,
        "label": "negative"
      },
      "relevance": 0.578303,
      "emotion": {
        "sadness": 0.5562,
        "joy": 0.035732,
        "fear": 0.049081,
        "disgust": 0.273466,
        "anger": 0.286792
      }
    },
    {
      "text": "KL",
      "sentiment": {
        "score": -0.71323,
        "label": "negative"
      },
      "relevance": 0.532457,
      "emotion": {
        "sadness": 0.348741,
        "joy": 0.00974,
        "fear": 0.126183,
        "disgust": 0.170539,
        "anger": 0.4798
      }
    },
    {
      "text": "gates",
      "sentiment": {
        "score": -0.52756,
        "label": "negative"
      },
      "relevance": 0.508057,
      "emotion": {
        "sadness": 0.553769,
        "joy": 0.027195,
        "fear": 0.082015,
        "disgust": 0.273409,
        "anger": 0.287947
      }
    },
    {
      "text": "check",
      "sentiment": {
        "score": -0.302668,
        "label": "negative"
      },
      "relevance": 0.484854,
      "emotion": {
        "sadness": 0.458067,
        "joy": 0.035188,
        "fear": 0.05916,
        "disgust": 0.056492,
        "anger": 0.225071
      }
    },
    {
      "text": "fact",
      "sentiment": {
        "score": -0.821994,
        "label": "negative"
      },
      "relevance": 0.480246,
      "emotion": {
        "sadness": 0.157589,
        "joy": 0.016993,
        "fear": 0.081887,
        "disgust": 0.554632,
        "anger": 0.535091
      }
    }
  ],
  "entities": [
    {
      "type": "Location",
      "text": "Penang",
      "sentiment": {
        "score": -0.302668,
        "label": "negative"
      },
      "relevance": 0.818281,
      "emotion": {
        "sadness": 0.453664,
        "joy": 0.055312,
        "fear": 0.022578,
        "disgust": 0.079135,
        "anger": 0.212121
      },
      "disambiguation": {
        "subtype": [
          "City"
        ]
      },
      "count": 2
    },
    {
      "type": "Location",
      "text": "Kuala Lumpur",
      "sentiment": {
        "score": -0.71323,
        "label": "negative"
      },
      "relevance": 0.743149,
      "emotion": {
        "sadness": 0.390695,
        "joy": 0.015633,
        "fear": 0.073815,
        "disgust": 0.180487,
        "anger": 0.462454
      },
      "disambiguation": {
        "subtype": [
          "City"
        ]
      },
      "count": 2
    },
    {
      "type": "GeographicFeature",
      "text": "Malindo Air",
      "sentiment": {
        "score": -0.71323,
        "label": "negative"
      },
      "relevance": 0.389881,
      "emotion": {
        "sadness": 0.348741,
        "joy": 0.00974,
        "fear": 0.126183,
        "disgust": 0.170539,
        "anger": 0.4798
      },
      "count": 1
    },
    {
      "type": "Quantity",
      "text": "30 minutes",
      "sentiment": {
        "score": 0.0,
        "label": "neutral"
      },
      "relevance": 0.389881,
      "count": 2
    }
  ]
}