{
  "usage": {
    "text_units": 1,
    "text_characters": 189,
    "features": 2
  },
  "language": "en",
  "keywords": [
    {
      "text": "delhi metro",
      "sentiment": {
        "score": 0.0,
        "label": "neutral"
      },
      "relevance": 0.987475,
      "emotion": {
        "sadness": 0.16178,
        "joy": 0.19867,
        "fear": 0.076139,
        "disgust": 0.060833,
        "anger": 0.071873
      }
    },
    {
      "text": "commuters",
      "sentiment": {
        "score": -0.641943,
        "label": "negative"
      },
      "relevance": 0.740113,
      "emotion": {
        "sadness": 0.286852,
        "joy": 0.558832,
        "fear": 0.101412,
        "disgust": 0.013785,
        "anger": 0.032582
      }
    },
    {
      "text": "lifeline",
      "sentiment": {
        "score": 0.0,
        "label": "neutral"
      },
      "relevance": 0.724579,
      "emotion": {
        "sadness": 0.324261,
        "joy": 0.331188,
        "fear": 0.159677,
        "disgust": 0.030881,
        "anger": 0.09517
      }
    },
    {
      "text": "peak",
      "sentiment": {
        "score": -0.641943,
        "label": "negative"
      },
      "relevance": 0.657063,
      "emotion": {
        "sadness": 0.286852,
        "joy": 0.558832,
        "fear": 0.101412,
        "disgust": 0.013785,
        "anger": 0.032582
      }
    },
    {
      "text": "journey",
      "sentiment": {
        "score": -0.641943,
        "label": "negative"
      },
      "relevance": 0.524515,
      "emotion": {
        "sadness": 0.286852,
        "joy": 0.558832,
        "fear": 0.101412,
        "disgust": 0.013785,
        "anger": 0.032582
      }
    }
  ],
  "entities": [
    {
      "type": "Location",
      "text": "Delhi",
      "sentiment": {
        "score": 0.0,
        "label": "neutral"
      },
      "relevance": 0.33,
      "emotion": {
        "sadness": 0.341165,
        "joy": 0.178822,
        "fear": 0.034073,
        "disgust": 0.045205,
        "anger": 0.053402
      },
      "disambiguation": {
        "subtype": [
          "City"
        ]
      },
      "count": 2
    }
  ]
}