{
  "usage": {
    "text_units": 1,
    "text_characters": 398,
    "features": 2
  },
  "language": "en",
  "keywords": [
    {
      "text": "train station",
      "sentiment": {
        "score": -0.231908,
        "label": "negative"
      },
      "relevance": 0.982074,
      "emotion": {
        "sadness": 0.324417,
        "joy": 0.144789,
        "fear": 0.093054,
        "disgust": 0.071394,
        "anger": 0.106975
      }
    },
    {
      "text": "excellent signage",
      "sentiment": {
        "score": 0.918625,
        "label": "positive"
      },
      "relevance": 0.978199,
      "emotion": {
        "sadness": 0.018637,
        "joy": 0.92524,
        "fear": 0.008874,
        "disgust": 0.0117,
        "anger": 0.010464
      }
    },
    {
      "text": "eastern locations",
      "sentiment": {
        "score": 0.0,
        "label": "neutral"
      },
      "relevance": 0.935081,
      "emotion": {
        "sadness": 0.357227,
        "joy": 0.062371,
        "fear": 0.067042,
        "disgust": 0.088612,
        "anger": 0.04815
      }
    },
    {
      "text": "Delhi Metro",
      "sentiment": {
        "score": 0.0,
        "label": "neutral"
      },
      "relevance": 0.918706,
      "emotion": {
        "sadness": 0.357227,
        "joy": 0.062371,
        "fear": 0.067042,
        "disgust": 0.088612,
        "anger": 0.04815
      }
    },
    {
      "text": "life line",
      "sentiment": {
        "score": 0.0,
        "label": "neutral"
      },
      "relevance": 0.909345,
      "emotion": {
        "sadness": 0.190328,
        "joy": 0.48682,
        "fear": 0.079931,
        "disgust": 0.054144,
        "anger": 0.073387
      }
    },
    {
      "text": "crowds",
      "sentiment": {
        "score": 0.0,
        "label": "neutral"
      },
      "relevance": 0.315403,
      "emotion": {
        "sadness": 0.550504,
        "joy": 0.103077,
        "fear": 0.072549,
        "disgust": 0.110691,
        "anger": 0.258331
      }
    },
    {
      "text": "Dubai",
      "sentiment": {
        "score": 0.0,
        "label": "neutral"
      },
      "relevance": 0.297142,
      "emotion": {
        "sadness": 0.357227,
        "joy": 0.062371,
        "fear": 0.067042,
        "disgust": 0.088612,
        "anger": 0.04815
      }
    },
    {
      "text": "timing",
      "sentiment": {
        "score": 0.918625,
        "label": "positive"
      },
      "relevance": 0.253972,
      "emotion": {
        "sadness": 0.018637,
        "joy": 0.92524,
        "fear": 0.008874,
        "disgust": 0.0117,
        "anger": 0.010464
      }
    },
    {
      "text": "chance",
      "sentiment": {
        "score": 0.0,
        "label": "neutral"
      },
      "relevance": 0.239174,
      "emotion": {
        "sadness": 0.550504,
        "joy": 0.103077,
        "fear": 0.072549,
        "disgust": 0.110691,
        "anger": 0.258331
      }
    },
    {
      "text": "seat",
      "sentiment": {
        "score": 0.0,
        "label": "neutral"
      },
      "relevance": 0.236795,
      "emotion": {
        "sadness": 0.550504,
        "joy": 0.103077,
        "fear": 0.072549,
        "disgust": 0.110691,
        "anger": 0.258331
      }
    }
  ],
  "entities": [
    {
      "type": "Company",
      "text": "Delhi Metro",
      "sentiment": {
        "score": -0.231908,
        "label": "negative"
      },
      "relevance": 0.941025,
      "emotion": {
        "sadness": 0.405269,
        "joy": 0.068272,
        "fear": 0.057716,
        "disgust": 0.09092,
        "anger": 0.057567
      },
      "disambiguation": {
        "subtype": [],
        "name": "Delhi Metro",
        "dbpedia_resource": "http://dbpedia.org/resource/Delhi_Metro"
      },
      "count": 3
    },
    {
      "type": "Location",
      "text": "Dubai",
      "sentiment": {
        "score": 0.0,
        "label": "neutral"
      },
      "relevance": 0.310242,
      "emotion": {
        "sadness": 0.357227,
        "joy": 0.062371,
        "fear": 0.067042,
        "disgust": 0.088612,
        "anger": 0.04815
      },
      "disambiguation": {
        "subtype": [
          "AdministrativeDivision",
          "Kingdom",
          "PlaceWithNeighborhoods",
          "City"
        ],
        "name": "Dubai",
        "dbpedia_resource": "http://dbpedia.org/resource/Dubai"
      },
      "count": 1
    }
  ]
}