{
  "usage": {
    "text_units": 1,
    "text_characters": 290,
    "features": 2
  },
  "language": "en",
  "keywords": [
    {
      "text": "best transport option",
      "sentiment": {
        "score": 0.0,
        "label": "neutral"
      },
      "relevance": 0.980091,
      "emotion": {
        "sadness": 0.016596,
        "joy": 0.509666,
        "fear": 0.006759,
        "disgust": 0.003505,
        "anger": 0.015915
      }
    },
    {
      "text": "new roots",
      "sentiment": {
        "score": -0.635272,
        "label": "negative"
      },
      "relevance": 0.823904,
      "emotion": {
        "sadness": 0.65627,
        "joy": 0.079937,
        "fear": 0.218963,
        "disgust": 0.037379,
        "anger": 0.0526
      }
    },
    {
      "text": "good quality",
      "sentiment": {
        "score": -0.544397,
        "label": "negative"
      },
      "relevance": 0.790128,
      "emotion": {
        "sadness": 0.089364,
        "joy": 0.291328,
        "fear": 0.016419,
        "disgust": 0.116796,
        "anger": 0.14322
      }
    },
    {
      "text": "trouble",
      "sentiment": {
        "score": -0.635272,
        "label": "negative"
      },
      "relevance": 0.475536,
      "emotion": {
        "sadness": 0.65627,
        "joy": 0.079937,
        "fear": 0.218963,
        "disgust": 0.037379,
        "anger": 0.0526
      }
    },
    {
      "text": "peak",
      "sentiment": {
        "score": -0.635272,
        "label": "negative"
      },
      "relevance": 0.459681,
      "emotion": {
        "sadness": 0.65627,
        "joy": 0.079937,
        "fear": 0.218963,
        "disgust": 0.037379,
        "anger": 0.0526
      }
    },
    {
      "text": "steps",
      "sentiment": {
        "score": -0.635272,
        "label": "negative"
      },
      "relevance": 0.453129,
      "emotion": {
        "sadness": 0.65627,
        "joy": 0.079937,
        "fear": 0.218963,
        "disgust": 0.037379,
        "anger": 0.0526
      }
    },
    {
      "text": "service",
      "sentiment": {
        "score": -0.589834,
        "label": "negative"
      },
      "relevance": 0.444391,
      "emotion": {
        "sadness": 0.644057,
        "joy": 0.100668,
        "fear": 0.180565,
        "disgust": 0.040609,
        "anger": 0.061234
      }
    },
    {
      "text": "city",
      "sentiment": {
        "score": 0.0,
        "label": "neutral"
      },
      "relevance": 0.390781,
      "emotion": {
        "sadness": 0.016596,
        "joy": 0.509666,
        "fear": 0.006759,
        "disgust": 0.003505,
        "anger": 0.015915
      }
    },
    {
      "text": "commuters.Govt",
      "sentiment": {
        "score": -0.635272,
        "label": "negative"
      },
      "relevance": 0.386655,
      "emotion": {
        "sadness": 0.65627,
        "joy": 0.079937,
        "fear": 0.218963,
        "disgust": 0.037379,
        "anger": 0.0526
      }
    }
  ],
  "entities": []
}