{
  "usage": {
    "text_units": 1,
    "text_characters": 337,
    "features": 2
  },
  "language": "en",
  "keywords": [
    {
      "text": "everybody",
      "sentiment": {
        "score": 0.0,
        "label": "neutral"
      },
      "relevance": 0.94323,
      "emotion": {
        "sadness": 0.356417,
        "joy": 0.293748,
        "fear": 0.192104,
        "disgust": 0.056949,
        "anger": 0.147296
      }
    },
    {
      "text": "hurry",
      "sentiment": {
        "score": 0.0,
        "label": "neutral"
      },
      "relevance": 0.777385,
      "emotion": {
        "sadness": 0.194021,
        "joy": 0.353409,
        "fear": 0.151036,
        "disgust": 0.036463,
        "anger": 0.182067
      }
    },
    {
      "text": "doan",
      "sentiment": {
        "score": 0.0,
        "label": "neutral"
      },
      "relevance": 0.736907,
      "emotion": {
        "sadness": 0.423591,
        "joy": 0.241613,
        "fear": 0.200822,
        "disgust": 0.079399,
        "anger": 0.111459
      }
    },
    {
      "text": "foreigners",
      "sentiment": {
        "score": -0.821082,
        "label": "negative"
      },
      "relevance": 0.730849,
      "emotion": {
        "sadness": 0.31214,
        "joy": 0.132886,
        "fear": 0.073441,
        "disgust": 0.050393,
        "anger": 0.087262
      }
    },
    {
      "text": "seat",
      "sentiment": {
        "score": 0.0,
        "label": "neutral"
      },
      "relevance": 0.691604,
      "emotion": {
        "sadness": 0.194021,
        "joy": 0.353409,
        "fear": 0.151036,
        "disgust": 0.036463,
        "anger": 0.182067
      }
    },
    {
      "text": "peak",
      "sentiment": {
        "score": -0.405862,
        "label": "negative"
      },
      "relevance": 0.662706,
      "emotion": {
        "sadness": 0.455936,
        "joy": 0.027685,
        "fear": 0.365339,
        "disgust": 0.03609,
        "anger": 0.359726
      }
    },
    {
      "text": "roads",
      "sentiment": {
        "score": -0.405862,
        "label": "negative"
      },
      "relevance": 0.66189,
      "emotion": {
        "sadness": 0.455936,
        "joy": 0.027685,
        "fear": 0.365339,
        "disgust": 0.03609,
        "anger": 0.359726
      }
    },
    {
      "text": "People",
      "sentiment": {
        "score": -0.852048,
        "label": "negative"
      },
      "relevance": 0.633548,
      "emotion": {
        "sadness": 0.544803,
        "joy": 0.162755,
        "fear": 0.118377,
        "disgust": 0.180715,
        "anger": 0.223212
      }
    },
    {
      "text": "station",
      "sentiment": {
        "score": 0.0,
        "label": "neutral"
      },
      "relevance": 0.605939,
      "emotion": {
        "sadness": 0.423591,
        "joy": 0.241613,
        "fear": 0.200822,
        "disgust": 0.079399,
        "anger": 0.111459
      }
    }
  ],
  "entities": [
    {
      "type": "Person",
      "text": "doan",
      "sentiment": {
        "score": 0.0,
        "label": "neutral"
      },
      "relevance": 0.920049,
      "emotion": {
        "sadness": 0.423591,
        "joy": 0.241613,
        "fear": 0.200822,
        "disgust": 0.079399,
        "anger": 0.111459
      },
      "count": 1
    }
  ]
}